INSERT INTO public.role (id, name) VALUES (1, 'CLIENT');
INSERT INTO public.role (id, name) VALUES (2, 'WORKER');
INSERT INTO public.role (id, name) VALUES (3, 'ADMIN');
INSERT INTO public.user_status (id, name) VALUES (1, 'ACTIVE');
INSERT INTO public.user_status (id, name) VALUES (2, 'DEACTIVATED');
INSERT INTO public."user" (id, role_id, name, email, password, status_id) VALUES (15, 1, 'sdfdsf', 'kek@kek.com', '2908d2c28dfc047741fc590a026ffade237ab2ba7e1266f010fe49bde548b5987a534a86655a0d17f336588e540cd66f67234b152bbb645b4bb85758a1325d64', 1);
INSERT INTO public."user" (id, role_id, name, email, password, status_id) VALUES (12, 1, 'new user', 'email', '2908d2c28dfc047741fc590a026ffade237ab2ba7e1266f010fe49bde548b5987a534a86655a0d17f336588e540cd66f67234b152bbb645b4bb85758a1325d64', 1);
INSERT INTO public."user" (id, role_id, name, email, password, status_id) VALUES (11, 1, 'new user', 'new email', '2908d2c28dfc047741fc590a026ffade237ab2ba7e1266f010fe49bde548b5987a534a86655a0d17f336588e540cd66f67234b152bbb645b4bb85758a1325d64', 1);
INSERT INTO public."user" (id, role_id, name, email, password, status_id) VALUES (9, 2, 'Worker 2', 'worker2@email.com', '2908d2c28dfc047741fc590a026ffade237ab2ba7e1266f010fe49bde548b5987a534a86655a0d17f336588e540cd66f67234b152bbb645b4bb85758a1325d64', 1);
INSERT INTO public."user" (id, role_id, name, email, password, status_id) VALUES (8, 3, 'Admin Name', 'admin@email.com', '2908d2c28dfc047741fc590a026ffade237ab2ba7e1266f010fe49bde548b5987a534a86655a0d17f336588e540cd66f67234b152bbb645b4bb85758a1325d64', 1);
INSERT INTO public."user" (id, role_id, name, email, password, status_id) VALUES (7, 2, 'Worker 1', 'worker1@email.com', '2908d2c28dfc047741fc590a026ffade237ab2ba7e1266f010fe49bde548b5987a534a86655a0d17f336588e540cd66f67234b152bbb645b4bb85758a1325d64', 1);
INSERT INTO public."user" (id, role_id, name, email, password, status_id) VALUES (6, 1, 'Client Name 2', 'client2@email.com', '2908d2c28dfc047741fc590a026ffade237ab2ba7e1266f010fe49bde548b5987a534a86655a0d17f336588e540cd66f67234b152bbb645b4bb85758a1325d64', 1);
INSERT INTO public."user" (id, role_id, name, email, password, status_id) VALUES (5, 1, 'Client Name 1', 'client1@email.com', '2908d2c28dfc047741fc590a026ffade237ab2ba7e1266f010fe49bde548b5987a534a86655a0d17f336588e540cd66f67234b152bbb645b4bb85758a1325d64', 1);
INSERT INTO public."user" (id, role_id, name, email, password, status_id) VALUES (14, 1, 'new user', 'some new email', '2908d2c28dfc047741fc590a026ffade237ab2ba7e1266f010fe49bde548b5987a534a86655a0d17f336588e540cd66f67234b152bbb645b4bb85758a1325d64', 1);
INSERT INTO public.feedback_status (id, name) VALUES (2, 'APPROVED');
INSERT INTO public.feedback_status (id, name) VALUES (1, 'CREATED');
INSERT INTO public.feedback (id, text, status_id, worker_id) VALUES (3, 'OK', 2, 7);
INSERT INTO public.feedback (id, text, status_id, worker_id) VALUES (2, 'Very good', 1, 9);
INSERT INTO public.feedback (id, text, status_id, worker_id) VALUES (4, 'Recommend!', 1, 7);
INSERT INTO public.feedback (id, text, status_id, worker_id) VALUES (1, 'Very nice', 2, 9);
INSERT INTO public.order_status (id, name) VALUES (1, 'CREATED');
INSERT INTO public.order_status (id, name) VALUES (2, 'COMPLETED');
INSERT INTO public.timeslot (id, from_time, to_time, date) VALUES (9, '12:00:00', '12:30:00', '2020-02-04');
INSERT INTO public.timeslot (id, from_time, to_time, date) VALUES (7, '08:00:00', '08:30:00', '2020-02-03');
INSERT INTO public.timeslot (id, from_time, to_time, date) VALUES (8, '08:30:00', '09:00:00', '2020-02-03');
INSERT INTO public.timeslot (id, from_time, to_time, date) VALUES (10, '12:30:00', '13:00:00', '2020-02-04');
INSERT INTO public.service (id, name, duration_timeslots, price, workspaces) VALUES (1, 'SPA', 2, 500, 1);
INSERT INTO public.service (id, name, duration_timeslots, price, workspaces) VALUES (2, 'Manicure', 1, 100, 5);
INSERT INTO public."order" (id, date, worker_id, client_id, timeslot_id, status_id, service_id) VALUES (4, '2020-01-28 00:00:00.000000', 9, 6, 10, 2, 1);
INSERT INTO public."order" (id, date, worker_id, client_id, timeslot_id, status_id, service_id) VALUES (3, '2020-01-27 00:00:00.000000', 7, 6, 9, 1, 1);
INSERT INTO public."order" (id, date, worker_id, client_id, timeslot_id, status_id, service_id) VALUES (2, '2020-01-28 00:00:00.000000', 9, 5, 8, 2, 2);
INSERT INTO public."order" (id, date, worker_id, client_id, timeslot_id, status_id, service_id) VALUES (1, '2020-01-27 00:00:00.000000', 7, 5, 7, 1, 1);
