INSERT INTO public."order" (id, date, worker_id, client_id, timeslot_id, status_id) VALUES (1, '2020-01-27', 7, 5, 7, 1);
INSERT INTO public."order" (id, date, worker_id, client_id, timeslot_id, status_id) VALUES (2, '2020-01-28', 9, 5, 8, 2);
INSERT INTO public."order" (id, date, worker_id, client_id, timeslot_id, status_id) VALUES (3, '2020-01-27', 7, 6, 9, 1);
INSERT INTO public."order" (id, date, worker_id, client_id, timeslot_id, status_id) VALUES (4, '2020-01-28', 9, 6, 10, 2);
INSERT INTO public.order_service (id, order_id, service_id) VALUES (1, 1, 1);
INSERT INTO public.order_service (id, order_id, service_id) VALUES (2, 2, 2);
INSERT INTO public.order_service (id, order_id, service_id) VALUES (3, 3, 1);
INSERT INTO public.order_service (id, order_id, service_id) VALUES (4, 4, 2);
INSERT INTO public.order_status (id, name) VALUES (1, 'CREATED');
INSERT INTO public.order_status (id, name) VALUES (2, 'APPROVED');
INSERT INTO public.review (id, text, status_id) VALUES (4, 'Recommend!', 1);
INSERT INTO public.review (id, text, status_id) VALUES (2, 'Very good', 1);
INSERT INTO public.review (id, text, status_id) VALUES (3, 'OK', 2);
INSERT INTO public.review (id, text, status_id) VALUES (1, 'Very nice', 2);
INSERT INTO public.review_status (id, name) VALUES (2, 'APPROVED');
INSERT INTO public.review_status (id, name) VALUES (1, 'CREATED');
INSERT INTO public.role (id, name) VALUES (1, 'CLIENT');
INSERT INTO public.role (id, name) VALUES (2, 'WORKER');
INSERT INTO public.role (id, name) VALUES (3, 'ADMIN');
INSERT INTO public.service (id, name, duration_timeslots, price, workspaces) VALUES (1, 'SPA', 2, 500, 1);
INSERT INTO public.service (id, name, duration_timeslots, price, workspaces) VALUES (2, 'Manicure', 1, 100, 5);
INSERT INTO public.timeslot (id, weekday, from_time, to_time) VALUES (7, 1, '08:00:00', '08:30:00');
INSERT INTO public.timeslot (id, weekday, from_time, to_time) VALUES (8, 1, '08:30:00', '09:00:00');
INSERT INTO public.timeslot (id, weekday, from_time, to_time) VALUES (10, 2, '12:30:00', '13:00:00');
INSERT INTO public.timeslot (id, weekday, from_time, to_time) VALUES (9, 2, '12:00:00', '12:30:00');
INSERT INTO public."user" (id, role_id, name, email, password, status_id) VALUES (9, 2, 'Worker 2', 'worker2@email.com', 'password', 1);
INSERT INTO public."user" (id, role_id, name, email, password, status_id) VALUES (8, 3, 'Admin Name', 'admin@email.com', 'password', 1);
INSERT INTO public."user" (id, role_id, name, email, password, status_id) VALUES (7, 2, 'Worker 1', 'worker1@email.com', 'password', 1);
INSERT INTO public."user" (id, role_id, name, email, password, status_id) VALUES (6, 1, 'Client Name 2', 'client2@email.com', 'password', 1);
INSERT INTO public."user" (id, role_id, name, email, password, status_id) VALUES (5, 1, 'Client Name 1', 'client1@email.com', 'password', 1);
INSERT INTO public."user" (id, role_id, name, email, password, status_id) VALUES (14, 1, 'new user', 'some new email', 'password', 1);
INSERT INTO public."user" (id, role_id, name, email, password, status_id) VALUES (12, 1, 'new user', 'email', 'password', 1);
INSERT INTO public."user" (id, role_id, name, email, password, status_id) VALUES (11, 1, 'new user', 'new email', 'password', 1);
INSERT INTO public.user_status (id, name) VALUES (1, 'ACTIVE');
INSERT INTO public.user_status (id, name) VALUES (2, 'DEACTIVATED');